-- phpMyAdmin SQL Dump
-- version 5.2.1
-- https://www.phpmyadmin.net/
--
-- Servidor: 127.0.0.1
-- Tiempo de generación: 12-09-2023 a las 15:57:08
-- Versión del servidor: 10.4.28-MariaDB
-- Versión de PHP: 8.2.4

SET SQL_MODE = "NO_AUTO_VALUE_ON_ZERO";
START TRANSACTION;
SET time_zone = "+00:00";


/*!40101 SET @OLD_CHARACTER_SET_CLIENT=@@CHARACTER_SET_CLIENT */;
/*!40101 SET @OLD_CHARACTER_SET_RESULTS=@@CHARACTER_SET_RESULTS */;
/*!40101 SET @OLD_COLLATION_CONNECTION=@@COLLATION_CONNECTION */;
/*!40101 SET NAMES utf8mb4 */;

--
-- Base de datos: `wbgltoqv_client`
--

-- --------------------------------------------------------

--
-- Estructura de tabla para la tabla `clients_wbs`
--

CREATE TABLE `clients_wbs` (
  `id` bigint(20) UNSIGNED NOT NULL,
  `username` varchar(255) DEFAULT NULL,
  `password` varchar(255) DEFAULT NULL,
  `tgusername` varchar(255) DEFAULT NULL,
  `expiration` datetime DEFAULT NULL,
  `last_login` datetime DEFAULT NULL,
  `created_at` timestamp NULL DEFAULT NULL,
  `updated_at` timestamp NULL DEFAULT NULL,
  `deviceId` varchar(255) DEFAULT NULL,
  `proxy_id` bigint(20) UNSIGNED DEFAULT NULL,
  `ref_id` bigint(20) UNSIGNED DEFAULT NULL,
  `chat` int(10) UNSIGNED DEFAULT NULL
) ENGINE=InnoDB DEFAULT CHARSET=utf8mb4 COLLATE=utf8mb4_unicode_ci;

--
-- Volcado de datos para la tabla `clients_wbs`
--

INSERT INTO `clients_wbs` (`id`, `username`, `password`, `tgusername`, `expiration`, `last_login`, `created_at`, `updated_at`, `deviceId`, `proxy_id`, `ref_id`, `chat`) VALUES
(7, 'Sophiag2212@gmail.com', '25679812mt', '5643276779', '2023-09-30 14:00:20', '2023-07-21 14:00:28', '2023-07-21 10:00:38', '2023-09-05 11:44:41', NULL, NULL, NULL, 4294967295),
(22, 'riveroalexis034@gmail.com', 'Toyota4Runner', 'LAMF1533', '2023-09-30 23:18:29', '2023-07-31 23:18:26', '2023-07-30 19:18:35', '2023-09-05 11:44:37', NULL, NULL, NULL, 1122525569),
(24, 'arcangelsept29@gmail.com', '18486609€', '1546860856', '2023-09-02 14:02:42', '2023-08-02 14:02:41', '2023-08-02 10:02:47', '2023-08-14 07:57:05', NULL, 26, NULL, 1546860856),
(25, 'raulmejias26@hotmail.com', 'raul2005!!!', '1106901508', '2023-10-02 14:04:24', '2023-08-02 14:04:23', '2023-08-02 10:04:29', '2023-09-02 16:51:27', NULL, NULL, NULL, 1106901508),
(26, 'castroblancoandrysan@gmail.com', 'Velyy.2023.', '5347021223', '2023-09-04 17:33:20', '2023-08-04 17:33:19', '2023-08-04 13:33:27', '2023-08-14 07:56:57', NULL, 26, NULL, 4294967295),
(65, 'Jchirinosfsrg@gmail.com', 'jusdymar1', 'chiriino', '2023-11-05 15:25:17', '2023-08-08 16:29:58', '2023-08-08 13:24:35', '2023-09-10 22:29:04', NULL, NULL, NULL, 1007756645),
(66, 'Mibzarjga@gmail.com', 'laborando123', '5714672231', '2023-09-08 17:06:58', '2023-08-08 17:07:54', '2023-08-08 15:06:03', '2023-09-05 11:44:29', NULL, NULL, NULL, 4294967295),
(73, 'Jusdymarbermudezsaavedra@gmail.com', 'Jusdymar21', '5799808422', '2023-09-10 01:05:15', '2023-08-10 01:05:45', '2023-08-09 23:04:46', '2023-08-14 07:56:48', NULL, 26, NULL, 4294967295),
(81, 'Jeseynmatteucci@gmail.com', 'raul2005!', 'WilmarLeonmatute', '2023-09-24 20:50:13', '2023-08-23 20:50:42', '2023-08-23 18:49:22', '2023-09-12 07:33:09', NULL, 46, NULL, 4294967295),
(85, 'abimaelhnandez@gmail.com', 'Sead22525905', 'Sead92', '2023-09-10 22:08:52', '2023-08-27 22:10:55', '2023-08-27 18:37:11', '2023-09-05 11:44:24', NULL, NULL, NULL, 4294967295),
(89, 'roy.ciarpaglini@gmail.com', 'Exito.2022', 'RoyC1989', '2023-09-22 12:33:28', '2023-08-22 12:34:04', '2023-08-29 06:16:45', '2023-09-11 15:29:59', NULL, NULL, NULL, 4294967295),
(90, NULL, NULL, 'Winlabs23', NULL, NULL, '2023-08-29 09:05:06', '2023-08-29 09:05:06', NULL, NULL, NULL, 4294967295),
(91, 'pedropuky@gmail.com', '88128842Pa', 'PeterHash', '2023-10-02 17:46:55', '2023-09-02 17:49:44', '2023-09-02 15:45:01', '2023-09-02 16:02:41', NULL, 30, NULL, 2095797279),
(92, NULL, NULL, 'Josemmadr', NULL, NULL, '2023-09-03 22:02:12', '2023-09-03 22:02:12', NULL, NULL, NULL, 4294967295),
(93, 'casanay26@gmail.com', 'Casanay26', 'jjgm26', '2023-10-06 20:47:37', '2023-09-06 20:47:15', '2023-09-06 18:44:21', '2023-09-06 18:53:45', NULL, 39, NULL, 2029788508),
(94, 'Rogerjsalazarr@gmail.com', 'y9019053p', 'jroger_7', '2023-10-06 20:49:16', '2023-09-06 20:49:13', '2023-09-06 18:48:27', '2023-09-06 18:54:27', NULL, 40, NULL, 2062094001),
(95, NULL, NULL, 'stdowl', NULL, NULL, '2023-09-07 21:45:35', '2023-09-07 21:45:35', NULL, NULL, NULL, 1339128639),
(96, 'Juanitosuarez733@gmail.com', 'Fabian199.', 'chalarka', '2023-09-11 16:44:22', '2023-09-11 16:44:21', '2023-09-11 14:42:24', '2023-09-11 18:34:03', NULL, NULL, NULL, 2048926525);

-- --------------------------------------------------------

--
-- Estructura de tabla para la tabla `locations`
--

CREATE TABLE `locations` (
  `id` bigint(20) NOT NULL,
  `client_id` bigint(20) NOT NULL,
  `label` varchar(250) NOT NULL,
  `lat` decimal(20,8) NOT NULL DEFAULT 0.00000000,
  `lng` decimal(20,8) NOT NULL DEFAULT 0.00000000,
  `created_at` timestamp NULL DEFAULT NULL,
  `updated_at` timestamp NULL DEFAULT NULL
) ENGINE=InnoDB DEFAULT CHARSET=utf8mb4 COLLATE=utf8mb4_general_ci;

--
-- Volcado de datos para la tabla `locations`
--

INSERT INTO `locations` (`id`, `client_id`, `label`, `lat`, `lng`, `created_at`, `updated_at`) VALUES
(7, 1, '1', 40.42008131, -3.70248620, '2023-07-17 21:29:59', '2023-07-17 21:29:59'),
(8, 1, '2', 40.42510041, -3.71285545, '2023-07-17 21:29:59', '2023-07-17 21:29:59'),
(9, 1, '3', 40.42205851, -3.69969715, '2023-07-17 21:29:59', '2023-07-17 21:29:59'),
(10, 1, '4', 40.40924101, -3.69265995, '2023-07-17 21:29:59', '2023-07-17 21:29:59'),
(11, 1, '5', 40.44803496, -3.70371685, '2023-07-17 21:29:59', '2023-07-17 21:29:59'),
(12, 1, '6', 40.45941251, -3.69102670, '2023-07-17 21:29:59', '2023-07-17 21:29:59'),
(19, 65, 'Principe vrgara', 40.45065848, -3.67765872, '2023-07-19 09:12:22', '2023-07-19 09:12:22'),
(20, 65, 'Vicio', 40.44098095, -3.67549924, '2023-07-19 09:14:33', '2023-07-19 09:14:33'),
(28, 6, 'Colon', 40.42482769, -3.69039625, '2023-07-19 22:07:39', '2023-07-19 22:07:39'),
(29, 6, 'Lopez de hoyos', 40.44365886, -3.67483161, '2023-07-19 22:07:58', '2023-07-19 22:07:58'),
(30, 6, 'Francisco silvela', 40.43979624, -3.67983103, '2023-07-19 22:08:40', '2023-07-19 22:08:40'),
(31, 6, 'Fuencarral', 40.52034411, -3.67268260, '2023-07-20 08:32:48', '2023-07-20 08:32:48'),
(32, 6, 'Alcobendas', 40.52987575, -3.68259373, '2023-07-20 08:33:54', '2023-07-20 08:33:54'),
(33, 6, 'Tunel atocha', 40.40861940, -3.69141484, '2023-07-20 09:12:29', '2023-07-20 09:12:29'),
(34, 6, 'Burguer', 40.44125104, -3.67814375, '2023-07-20 09:58:21', '2023-07-20 09:58:21'),
(37, 6, 'zabaleta nueva', 40.44059800, -3.67399000, '2023-07-20 11:25:43', '2023-07-20 11:25:43'),
(38, 6, 'rotonda lopez de hoyo', 40.43786000, -3.68520400, '2023-07-20 11:27:59', '2023-07-20 11:27:59'),
(39, 6, 'Velazquez', 40.43598694, -3.68325297, '2023-07-21 08:48:15', '2023-07-21 08:48:15'),
(40, 6, 'Maria de molina', 40.43759492, -3.68200416, '2023-07-21 08:48:59', '2023-07-21 08:48:59'),
(41, 6, 'Dl', 40.43513756, -3.68393055, '2023-07-21 09:20:44', '2023-07-21 09:20:44'),
(42, 6, 'Vicio', 40.44093003, -3.67542923, '2023-07-21 11:10:20', '2023-07-21 11:10:20'),
(43, 6, 'Goxo', 40.44443520, -3.67376088, '2023-07-21 11:10:49', '2023-07-21 11:10:49'),
(44, 7, '', 41.14140966, 1.11702950, '2023-07-21 12:25:12', '2023-07-21 12:25:12'),
(47, 7, '', 41.15834125, 1.11779582, '2023-07-21 12:28:37', '2023-07-21 12:28:37'),
(50, 6, 'Granja', 40.53562366, -3.65679760, '2023-07-21 13:12:05', '2023-07-21 13:12:05'),
(61, 8, 'Ubi1', 40.45873724, -3.69061172, '2023-07-22 15:58:52', '2023-07-22 15:58:52'),
(62, 6, 'San sebastian', 40.55891832, -3.60857525, '2023-07-22 18:12:20', '2023-07-22 18:12:20'),
(63, 6, 'M12', 40.53028845, -3.61268267, '2023-07-22 18:14:56', '2023-07-22 18:14:56'),
(64, 6, 'Pte granja', 40.54495698, -3.67391038, '2023-07-22 18:15:50', '2023-07-22 18:15:50'),
(65, 6, 'Moraleja green', 40.51921455, -3.65544379, '2023-07-23 14:11:25', '2023-07-23 14:11:25'),
(66, 6, 'Mcdonals monte', 40.50097438, -3.69793140, '2023-07-23 14:16:40', '2023-07-23 14:16:40'),
(69, 6, 'Oddonel', 40.42167513, -3.67873810, '2023-07-25 18:38:42', '2023-07-25 18:38:42'),
(77, 6, 'Ppio', 40.41911600, -3.72395700, '2023-07-26 12:02:22', '2023-07-26 12:02:22'),
(78, 9, 'Odonell', 40.42171100, -3.67859200, '2023-07-26 12:15:40', '2023-07-26 12:15:40'),
(79, 9, 'Zabaleta ', 40.44059800, -3.67399100, '2023-07-26 12:16:05', '2023-07-26 12:16:05'),
(80, 9, 'Pulmón ', 40.44067700, -3.67559900, '2023-07-26 12:22:45', '2023-07-26 12:22:45'),
(81, 11, 'Zabaleta ', 40.44059800, -3.67399100, '2023-07-28 11:27:41', '2023-07-28 11:27:41'),
(82, 10, 'Zabaleta ', 40.44099900, -3.67547800, '2023-07-28 11:31:13', '2023-07-28 11:31:13'),
(83, 10, 'Jockey odonnel ', 40.42165800, -3.67829200, '2023-07-28 11:32:39', '2023-07-28 11:32:39'),
(84, 10, 'Zabaleta 2', 40.44059800, -3.67399100, '2023-07-28 11:34:02', '2023-07-28 11:34:02'),
(85, 11, 'Zabaleta 2', 40.44059800, -3.67399100, '2023-07-28 11:34:49', '2023-07-28 11:34:49'),
(86, 6, 'Zab 2', 40.44059800, -3.67399100, '2023-07-28 11:35:26', '2023-07-28 11:35:26'),
(88, 16, 'Zabaleta ', 40.44123200, -3.67671300, '2023-07-28 12:08:07', '2023-07-28 12:08:07'),
(89, 16, 'Velazquez ', 40.43747700, -3.68288900, '2023-07-28 12:20:15', '2023-07-28 12:20:15'),
(90, 16, 'Zabaleta 2', 40.44083807, -3.67538464, '2023-07-28 12:24:12', '2023-07-28 12:24:12'),
(91, 16, 'Velazquez 2', 40.43580741, -3.68324694, '2023-07-28 12:26:22', '2023-07-28 12:26:22'),
(92, 15, 'Ferna', 40.44059800, -3.67399100, '2023-07-28 12:28:28', '2023-07-28 12:28:28'),
(93, 17, 'Vela', 40.43701100, -3.68273100, '2023-07-28 13:55:34', '2023-07-28 13:55:34'),
(94, 17, 'Zab', 40.44059800, -3.67399100, '2023-07-28 13:56:48', '2023-07-28 13:56:48'),
(95, 17, 'Zab pulmon', 40.44093300, -3.67544200, '2023-07-28 13:58:41', '2023-07-28 13:58:41'),
(96, 17, 'Goco pulmon', 40.44444500, -3.67378200, '2023-07-28 13:59:15', '2023-07-28 13:59:15'),
(97, 6, 'Zab luis', 40.44059800, -3.67399100, '2023-07-28 16:55:55', '2023-07-28 16:55:55'),
(98, 15, 'Zabaleta ', 40.44055823, -3.67389138, '2023-07-28 18:05:55', '2023-07-28 18:05:55'),
(99, 15, 'Raul', 40.44059800, -3.67399100, '2023-07-28 19:39:10', '2023-07-28 19:39:10'),
(100, 16, 'Zabaleta 3', 40.44059800, -3.67399100, '2023-07-28 19:47:48', '2023-07-28 19:47:48'),
(101, 16, 'Zabaleta 4', 40.44059800, -3.67399100, '2023-07-28 19:48:25', '2023-07-28 19:48:25'),
(102, 6, 'Tunel m12', 40.45761400, -3.61237330, '2023-07-28 20:10:52', '2023-07-28 20:10:52'),
(103, 6, 'M12', 40.45797030, -3.61287455, '2023-07-28 20:11:27', '2023-07-28 20:11:27'),
(104, 10, 'Chirino 1', 40.44059800, -3.67399100, '2023-07-28 20:37:02', '2023-07-28 20:37:02'),
(105, 10, 'Chirino 2', 40.44059800, -3.67399100, '2023-07-28 20:38:12', '2023-07-28 20:38:12'),
(106, 10, 'Chirino2', 40.44059800, -3.67399100, '2023-07-28 20:38:29', '2023-07-28 20:38:29'),
(107, 10, 'Chirino 3', 40.44059800, -3.67399100, '2023-07-28 20:38:50', '2023-07-28 20:38:50'),
(108, 18, 'Vic', 40.44103600, -3.67565900, '2023-07-29 09:38:09', '2023-07-29 09:38:09'),
(109, 18, 'Vela', 40.43679700, -3.68295000, '2023-07-29 09:38:23', '2023-07-29 09:38:23'),
(110, 18, 'Sishimix', 40.44556293, -3.67662185, '2023-07-29 11:06:33', '2023-07-29 11:06:33'),
(111, 18, 'Goxxo', 40.44471379, -3.67405293, '2023-07-29 11:06:52', '2023-07-29 11:06:52'),
(112, 18, 'Chinovicio', 40.44162870, -3.67545578, '2023-07-29 12:21:31', '2023-07-29 12:21:31'),
(113, 20, 'Zab', 40.44090700, -3.67552900, '2023-07-29 13:09:57', '2023-07-29 13:09:57'),
(114, 11, 'Velázquez ', 40.43701100, -3.68273100, '2023-07-29 16:31:57', '2023-07-29 16:31:57'),
(116, 17, 'Odo', 40.42165800, -3.67829200, '2023-07-29 17:01:22', '2023-07-29 17:01:22'),
(117, 11, 'Odonell ', 40.42165800, -3.67829200, '2023-07-29 17:21:14', '2023-07-29 17:21:14'),
(118, 13, 'Odonell', 40.42165800, -3.67829200, '2023-07-29 17:59:11', '2023-07-29 17:59:11'),
(119, 13, 'Zabaleta', 40.44079500, -3.67504500, '2023-07-29 18:00:32', '2023-07-29 18:00:32'),
(120, 6, 'Velazquez tt', 40.43701100, -3.68273100, '2023-07-29 18:09:18', '2023-07-29 18:09:18'),
(121, 17, '', 40.44059800, -3.67399100, '2023-07-29 19:04:23', '2023-07-29 19:04:23'),
(122, 17, 'Zabalets', 40.44059800, -3.67399100, '2023-07-29 19:04:59', '2023-07-29 19:04:59'),
(123, 20, 'Zab 2', 40.44090700, -3.67552900, '2023-07-29 19:56:33', '2023-07-29 19:56:33'),
(124, 20, 'Zab', 40.44093300, -3.67544200, '2023-07-29 20:34:20', '2023-07-29 20:34:20'),
(125, 20, 'Zzz', 40.44093300, -3.67544200, '2023-07-29 20:37:26', '2023-07-29 20:37:26'),
(129, 20, 'Zab3', 40.44059800, -3.67399100, '2023-07-30 11:10:52', '2023-07-30 11:10:52'),
(140, 21, 'K❤', 40.40396400, -3.69724100, '2023-07-30 22:34:14', '2023-07-30 22:34:14'),
(141, 22, 'O donnel tagliatela', 40.42166700, -3.67855900, '2023-07-30 22:35:04', '2023-07-30 22:35:04'),
(142, 21, '🤪atocha3', 40.40130813, -3.69894679, '2023-07-30 22:41:20', '2023-07-30 22:41:20'),
(143, 22, 'La castellana 222', 40.46830700, -3.68843600, '2023-07-30 22:43:08', '2023-07-30 22:43:08'),
(144, 22, 'La castellana 280', 40.47624500, -3.68628900, '2023-07-30 22:43:44', '2023-07-30 22:43:44'),
(145, 21, 'Tetuan😆', 40.46108900, -3.69889000, '2023-07-30 22:50:43', '2023-07-30 22:50:43'),
(146, 21, 'Velazque', 40.43759281, -3.68218838, '2023-07-30 22:57:12', '2023-07-30 22:57:12'),
(147, 21, 'Legazpi', 40.39080931, -3.69483547, '2023-07-30 23:10:07', '2023-07-30 23:10:07'),
(148, 21, 'Nuevos ministeros ', 40.44765066, -3.69453420, '2023-07-30 23:16:08', '2023-07-30 23:16:08'),
(150, 21, 'Zabaleta😃', 40.44059800, -3.67399100, '2023-07-31 11:22:27', '2023-07-31 11:22:27'),
(151, 13, 'Vela1', 40.43613169, -3.68316084, '2023-07-31 12:19:21', '2023-07-31 12:19:21'),
(154, 6, 'Francisco silvela 75', 40.43625916, -3.67650795, '2023-07-31 17:23:39', '2023-07-31 17:23:39'),
(156, 13, 'Zaba ', 40.44079500, -3.67504500, '2023-07-31 19:09:17', '2023-07-31 19:09:17'),
(159, 22, 'McDonald\'s goya', 40.42476501, -3.67662985, '2023-07-31 21:26:43', '2023-07-31 21:26:43'),
(160, 22, 'Healty Pardiñas', 40.42664866, -3.67861232, '2023-08-01 12:42:54', '2023-08-01 12:42:54'),
(161, 23, 'Zabaleta', 40.44128716, -3.67660569, '2023-08-02 10:44:06', '2023-08-02 10:44:06'),
(165, 24, 'Ferna', 40.44059800, -3.67399100, '2023-08-02 12:14:35', '2023-08-02 12:14:35'),
(167, 24, 'Zabaleta', 40.44055715, -3.67382931, '2023-08-02 12:51:59', '2023-08-02 12:51:59'),
(169, 25, 'Zabaleta ', 40.44059800, -3.67399100, '2023-08-02 18:04:29', '2023-08-02 18:04:29'),
(170, 25, 'Pulmon', 40.44067700, -3.67559900, '2023-08-02 18:07:35', '2023-08-02 18:07:35'),
(171, 24, 'Albufera ', 40.39905800, -3.66844500, '2023-08-02 19:51:01', '2023-08-02 19:51:01'),
(173, 22, 'Corazón de maria', 40.44719084, -3.66667150, '2023-08-03 07:23:22', '2023-08-03 07:23:22'),
(174, 22, 'López de hoyos', 40.44435338, -3.67376512, '2023-08-03 07:27:41', '2023-08-03 07:27:41'),
(176, 24, 'Goxo', 40.44471933, -3.67415552, '2023-08-03 16:55:02', '2023-08-03 16:55:02'),
(177, 24, 'Suhi mix ', 40.44552981, -3.67679051, '2023-08-03 16:57:25', '2023-08-03 16:57:25'),
(178, 24, 'Zabaleta local ', 40.44091447, -3.67546244, '2023-08-03 17:06:34', '2023-08-03 17:06:34'),
(182, 22, 'Suchi mix', 40.44571117, -3.67676709, '2023-08-03 19:52:48', '2023-08-03 19:52:48'),
(184, 24, 'Vicio albufera. ', 40.39714106, -3.66597416, '2023-08-03 20:40:25', '2023-08-03 20:40:25'),
(189, 22, 'Vicio centro', 40.42741150, -3.70267336, '2023-08-04 11:02:36', '2023-08-04 11:02:36'),
(190, 6, 'Vicio fuen', 40.42738891, -3.70239360, '2023-08-04 11:14:43', '2023-08-04 11:14:43'),
(191, 6, 'Bilbao', 40.42865258, -3.70221513, '2023-08-04 11:15:15', '2023-08-04 11:15:15'),
(192, 6, 'Chueca', 40.42310187, -3.69794616, '2023-08-04 11:15:48', '2023-08-04 11:15:48'),
(193, 6, 'Kfc fuencarral', 40.43012975, -3.70281618, '2023-08-04 11:24:36', '2023-08-04 11:24:36'),
(194, 6, 'Quevedo', 40.43329413, -3.70439478, '2023-08-04 11:25:11', '2023-08-04 11:25:11'),
(195, 22, 'Bravo de Murillo mcdonald ', 40.44728258, -3.70419972, '2023-08-04 11:30:05', '2023-08-04 11:30:05'),
(196, 22, 'Modesto la fuente honest green', 40.43922356, -3.69625920, '2023-08-04 12:04:28', '2023-08-04 12:04:28'),
(197, 22, 'Maria de molina tierra burrito', 40.43773038, -3.68686171, '2023-08-04 12:10:45', '2023-08-04 12:10:45'),
(198, 24, 'Padthawok lopez ', 40.44366563, -3.67480990, '2023-08-04 12:16:18', '2023-08-04 12:16:18'),
(199, 25, 'Goxo', 40.44472000, -3.67416100, '2023-08-04 14:12:56', '2023-08-04 14:12:56'),
(200, 25, 'Pataiwok', 40.44553800, -3.67681000, '2023-08-04 14:13:44', '2023-08-04 14:13:44'),
(201, 26, 'Santa María ', 40.40107200, -3.69915800, '2023-08-04 15:35:59', '2023-08-04 15:35:59'),
(202, 26, 'Zaba', 40.44059800, -3.67399100, '2023-08-04 15:36:58', '2023-08-04 15:36:58'),
(203, 26, 'Velazquez', 40.43701100, -3.68273100, '2023-08-04 15:37:23', '2023-08-04 15:37:23'),
(204, 26, 'Odonell', 40.42165800, -3.67829200, '2023-08-04 15:37:51', '2023-08-04 15:37:51'),
(205, 6, 'Fuen 2', 40.43140669, -3.70120837, '2023-08-04 16:30:38', '2023-08-04 16:30:38'),
(206, 6, 'Barcelo', 40.42679933, -3.69985440, '2023-08-04 16:31:22', '2023-08-04 16:31:22'),
(207, 22, 'Ricardo Ortiz tenerse BBQ', 40.42840911, -3.65812195, '2023-08-04 18:06:44', '2023-08-04 18:06:44'),
(208, 22, 'Daroca porn eat', 40.42938196, -3.65234020, '2023-08-04 18:07:36', '2023-08-04 18:07:36'),
(211, 22, 'Vips Silvela', 40.43730614, -3.67848074, '2023-08-04 19:02:19', '2023-08-04 19:02:19'),
(212, 26, 'Zaba 2', 40.44123200, -3.67671300, '2023-08-04 19:31:22', '2023-08-04 19:31:22'),
(213, 26, 'Atocha', 40.40861389, -3.69284592, '2023-08-04 19:34:36', '2023-08-04 19:34:36'),
(214, 22, 'Five guys Serrano', 40.42913481, -3.68732690, '2023-08-04 20:07:36', '2023-08-04 20:07:36'),
(215, 26, 'Santa ', 40.40102504, -3.69920087, '2023-08-04 20:13:35', '2023-08-04 20:13:35'),
(216, 26, 'Santa gym ', 40.40266492, -3.69819722, '2023-08-04 20:14:01', '2023-08-04 20:14:01'),
(217, 26, 'M30', 40.38870900, -3.69043800, '2023-08-04 20:15:29', '2023-08-04 20:15:29'),
(218, 22, 'Vips Miguel Angel', 40.43650032, -3.69129996, '2023-08-04 20:36:03', '2023-08-04 20:36:03'),
(219, 26, 'Atocha2', 40.40841651, -3.69298125, '2023-08-05 05:33:16', '2023-08-05 05:33:16'),
(220, 26, 'M30 albf', 40.39516548, -3.67124961, '2023-08-05 05:53:18', '2023-08-05 05:53:18'),
(222, 26, 'Lecoq pulmon', 40.41338161, -3.70101325, '2023-08-05 09:34:25', '2023-08-05 09:34:25'),
(223, 26, 'Vela 2 ', 40.43670398, -3.68259665, '2023-08-05 10:10:19', '2023-08-05 10:10:19'),
(228, 22, 'Vips Alcala 474', 40.43916862, -3.63284354, '2023-08-05 13:03:55', '2023-08-05 13:03:55'),
(231, 24, 'Yoandri Z', 40.44128300, -3.67659900, '2023-08-06 12:51:35', '2023-08-06 12:51:35'),
(232, 22, 'M30 alcala', 40.43146555, -3.65919118, '2023-08-06 17:08:31', '2023-08-06 17:08:31'),
(233, 23, '', 40.44125300, -3.67813800, '2023-08-06 18:18:54', '2023-08-06 18:18:54'),
(234, 23, 'Z1', 40.44125300, -3.67813800, '2023-08-06 18:19:15', '2023-08-06 18:19:15'),
(238, 26, '4k', 40.46104393, -3.69877311, '2023-08-06 23:56:48', '2023-08-06 23:56:48'),
(239, 26, 'Mercadona leg ', 40.38626620, -3.69069072, '2023-08-07 02:07:23', '2023-08-07 02:07:23'),
(240, 22, 'Carrefour conde', 40.42584922, -3.67549881, '2023-08-07 07:19:36', '2023-08-07 07:19:36'),
(241, 22, 'Manolo Plaza de Santa Barbara', 40.42729418, -3.69644458, '2023-08-07 08:12:56', '2023-08-07 08:12:56'),
(243, 22, 'Vizconde de matamala', 40.42634059, -3.66434862, '2023-08-07 09:26:52', '2023-08-07 09:26:52'),
(244, 22, 'Vips alcala 200', 40.43025531, -3.66385950, '2023-08-07 09:28:34', '2023-08-07 09:28:34'),
(245, 22, 'Mcdonald San romualdo', 40.43996930, -3.62318990, '2023-08-07 12:45:02', '2023-08-07 12:45:02'),
(246, 22, 'Faster holliwood julian camarillo', 40.43428113, -3.62937153, '2023-08-07 13:10:10', '2023-08-07 13:10:10'),
(253, 26, 'Lopez hoyo ', 40.43788959, -3.68812976, '2023-08-08 16:31:19', '2023-08-08 16:31:19'),
(255, 65, 'Burguer', 40.44127400, -3.67816900, '2023-08-08 18:45:09', '2023-08-08 18:45:09'),
(256, 65, 'Zabaleta erik', 40.44068088, -3.67425800, '2023-08-08 18:54:13', '2023-08-08 18:54:13'),
(257, 66, 'Kfc sanchi', 40.49289041, -3.65510504, '2023-08-08 19:00:00', '2023-08-08 19:00:00'),
(259, 26, 'Bk López ', 40.44127400, -3.67816900, '2023-08-08 21:29:09', '2023-08-08 21:29:09'),
(269, 23, '', 40.45610850, -3.67714113, '2023-08-09 10:20:59', '2023-08-09 10:20:59'),
(273, 66, 'Caleido4T', 40.47762651, -3.68937147, '2023-08-09 17:29:04', '2023-08-09 17:29:04'),
(274, 66, 'Vicio josecalvo', 40.45769811, -3.70792825, '2023-08-09 17:30:32', '2023-08-09 17:30:32'),
(275, 23, 'Santa eugenia', 40.39048127, -3.62231664, '2023-08-09 17:49:50', '2023-08-09 17:49:50'),
(276, 73, 'Kfc ', 40.43005608, -3.70322290, '2023-08-09 23:17:24', '2023-08-09 23:17:24'),
(277, 73, 'Sushimix', 40.43341432, -3.71032093, '2023-08-09 23:18:33', '2023-08-09 23:18:33'),
(278, 73, 'Vicio ', 40.42738443, -3.70265226, '2023-08-09 23:19:29', '2023-08-09 23:19:29'),
(279, 73, 'Armando', 40.42950791, -3.69823818, '2023-08-09 23:20:49', '2023-08-09 23:20:49'),
(283, 65, 'tetst jesus', 40.44439300, -3.67392500, '2023-08-10 03:43:29', '2023-08-10 03:43:29'),
(285, 73, 'Poke 2', 40.43007469, -3.70426694, '2023-08-10 10:54:40', '2023-08-10 10:54:40'),
(286, 73, '', 40.43125325, -3.70331916, '2023-08-10 15:49:33', '2023-08-10 15:49:33'),
(287, 73, 'Fuercarral ', 40.43121525, -3.70318703, '2023-08-10 15:50:02', '2023-08-10 15:50:02'),
(296, 66, 'HeronD', 40.53055846, -3.63875413, '2023-08-10 20:06:44', '2023-08-10 20:06:44'),
(300, 22, 'Mallorca Velasquez ', 40.42773443, -3.68384562, '2023-08-11 07:56:19', '2023-08-11 07:56:19'),
(303, 22, 'Honest Velasquez ', 40.43589384, -3.68321961, '2023-08-11 10:19:39', '2023-08-11 10:19:39'),
(305, 23, 'Mndez alvaro', 40.39289014, -3.67620458, '2023-08-11 11:43:54', '2023-08-11 11:43:54'),
(307, 22, 'Juanchos Gabriel Lobo', 40.44342546, -3.68002455, '2023-08-11 11:50:34', '2023-08-11 11:50:34'),
(310, 66, 'GRANJA888', 40.53520326, -3.65688394, '2023-08-11 18:47:06', '2023-08-11 18:47:06'),
(311, 65, 'Granja 88', 40.53552292, -3.65682727, '2023-08-11 19:16:25', '2023-08-11 19:16:25'),
(312, 65, 'Moraleja green', 40.51906523, -3.65681900, '2023-08-11 19:17:49', '2023-08-11 19:17:49'),
(313, 65, 'Alcobendas', 40.54507268, -3.65664925, '2023-08-11 19:31:48', '2023-08-11 19:31:48'),
(314, 65, 'Mcdonals nadal', 40.53797901, -3.62319480, '2023-08-11 19:32:08', '2023-08-11 19:32:08'),
(315, 65, 'Granja 60', 40.53308183, -3.65696271, '2023-08-11 19:38:14', '2023-08-11 19:38:14'),
(316, 65, 'Granja 1', 40.52594352, -3.66002943, '2023-08-11 19:38:37', '2023-08-11 19:38:37'),
(321, 66, 'Mcdonalds montecarmelo ', 40.49668152, -3.70129679, '2023-08-11 23:08:16', '2023-08-11 23:08:16'),
(324, 23, 'Casa autopista ', 40.38479173, -3.63359435, '2023-08-12 07:40:50', '2023-08-12 07:40:50'),
(325, 65, 'Goxo', 40.44428695, -3.67394464, '2023-08-12 12:03:05', '2023-08-12 12:03:05'),
(326, 66, 'Heathly Poke paseo la castellana', 40.46824453, -3.68925001, '2023-08-12 16:33:16', '2023-08-12 16:33:16'),
(327, 66, 'La vaguada', 40.47855374, -3.70806201, '2023-08-12 16:34:12', '2023-08-12 16:34:12'),
(330, 23, '', 40.50170203, -3.66137961, '2023-08-12 21:06:24', '2023-08-12 21:06:24'),
(331, 23, 'Las tablas', 40.50170592, -3.66137924, '2023-08-12 21:07:19', '2023-08-12 21:07:19'),
(340, 65, 'Sushi mix', 40.44560706, -3.67670665, '2023-08-14 09:55:17', '2023-08-14 09:55:17'),
(341, 65, 'Papa jhons principe', 40.43785446, -3.67896410, '2023-08-14 09:55:33', '2023-08-14 09:55:33'),
(342, 65, 'Manolo bakes conde', 40.43158331, -3.67505195, '2023-08-14 09:56:33', '2023-08-14 09:56:33'),
(343, 65, 'Honest castellana', 40.45015846, -3.69171470, '2023-08-14 09:56:33', '2023-08-14 09:56:33'),
(344, 65, 'Mcdonals francisco', 40.43339591, -3.67302340, '2023-08-14 09:57:40', '2023-08-14 09:57:40'),
(348, 65, 'Rsmos cartion', 40.44655126, -3.66867170, '2023-08-16 14:34:28', '2023-08-16 14:34:28'),
(350, 22, 'Starbucks Conde', 40.42566730, -3.67561383, '2023-08-18 08:07:14', '2023-08-18 08:07:14'),
(352, 65, 'Manuel becerra 1', 40.42818252, -3.66894759, '2023-08-18 19:27:38', '2023-08-18 19:27:38'),
(353, 65, 'Manuel becerra 2', 40.42799687, -3.66853746, '2023-08-18 19:28:01', '2023-08-18 19:28:01'),
(364, 22, 'Vicio Divino Pastor', 40.42736521, -3.70229960, '2023-08-19 19:53:21', '2023-08-19 19:53:21'),
(365, 22, 'Junk burguer glorieta de bilbao ', 40.42876974, -3.70213156, '2023-08-19 19:57:49', '2023-08-19 19:57:49'),
(366, 65, 'Andalucía', 40.36483400, -3.69478200, '2023-08-19 19:58:39', '2023-08-19 19:58:39'),
(369, 7, 'Mc donal fortuny ', 41.15867969, 1.11761636, '2023-08-20 18:15:02', '2023-08-20 18:15:02'),
(370, 7, 'La fira', 41.16154791, 1.11030429, '2023-08-20 18:15:25', '2023-08-20 18:15:25'),
(371, 25, 'Zabaleta new', 40.44103600, -3.67565900, '2023-08-20 18:30:15', '2023-08-20 18:30:15'),
(372, 25, 'Zabaleta New 1', 40.44059800, -3.67399100, '2023-08-20 18:33:59', '2023-08-20 18:33:59'),
(373, 7, 'Mc donal salou ', 41.14131506, 1.11687961, '2023-08-20 18:41:36', '2023-08-20 18:41:36'),
(374, 7, 'Pastoreta ', 41.15012488, 1.10528926, '2023-08-20 19:15:15', '2023-08-20 19:15:15'),
(375, 7, 'Pizza house', 41.15890423, 1.11247565, '2023-08-20 19:16:40', '2023-08-20 19:16:40'),
(376, 7, 'Ñipo sushi', 41.15753812, 1.10565852, '2023-08-20 19:18:25', '2023-08-20 19:18:25'),
(377, 7, 'Raval san pere', 41.15437580, 1.11094263, '2023-08-20 20:11:33', '2023-08-20 20:11:33'),
(380, 22, 'Plaza Manuel Becerra 1', 40.42800100, -3.66854100, '2023-08-21 11:56:21', '2023-08-21 11:56:21'),
(381, 22, 'Plaza Manuel Becerra 2', 40.42818500, -3.66894200, '2023-08-21 11:56:54', '2023-08-21 11:56:54'),
(383, 22, 'Cristina Oria Ortega y Gasset ', 40.43024539, -3.68262449, '2023-08-22 08:25:05', '2023-08-22 08:25:05'),
(384, 89, 'Gran plaza medio', 40.48961306, -3.89725981, '2023-08-22 10:36:40', '2023-08-22 10:36:40'),
(385, 89, 'Matemáticos ', 40.48820851, -3.89698528, '2023-08-22 10:38:37', '2023-08-22 10:38:37'),
(386, 89, 'Carrefour pinar las rozas ', 40.52310676, -3.88454330, '2023-08-22 10:40:23', '2023-08-22 10:40:23'),
(387, 89, 'Heron city', 40.51510011, -3.89844947, '2023-08-22 10:41:30', '2023-08-22 10:41:30'),
(388, 89, 'Tasty Poke ', 40.50462996, -3.89071502, '2023-08-22 10:43:47', '2023-08-22 10:43:47'),
(389, 7, 'Mercado Dia', 41.14689068, 1.10684744, '2023-08-22 11:28:32', '2023-08-22 11:28:32'),
(390, 7, 'Paso prim', 41.15263634, 1.10247735, '2023-08-22 11:30:08', '2023-08-22 11:30:08'),
(392, 65, 'P pio', 40.42096382, -3.72061125, '2023-08-22 13:02:46', '2023-08-22 13:02:46'),
(393, 89, 'Redoma Carrefour market', 40.49547365, -3.88280684, '2023-08-22 14:12:04', '2023-08-22 14:12:04'),
(394, 89, 'Día calle Real', 40.49162241, -3.87397488, '2023-08-22 14:13:25', '2023-08-22 14:13:25'),
(395, 89, 'C MIJAS', 40.48902406, -3.89264680, '2023-08-22 15:28:55', '2023-08-22 15:28:55'),
(396, 89, 'C COMUNIDAD DE ANDALUCIA', 40.48950205, -3.89300257, '2023-08-22 15:29:37', '2023-08-22 15:29:37'),
(397, 89, 'Calle MIJAS 2', 40.48845448, -3.89218976, '2023-08-22 15:30:53', '2023-08-22 15:30:53'),
(399, 22, 'Plaza castilla', 40.46565661, -3.68962950, '2023-08-22 19:46:41', '2023-08-22 19:46:41'),
(401, 22, 'Plaza castilla 2', 40.46188694, -3.68779501, '2023-08-22 19:57:31', '2023-08-22 19:57:31'),
(402, 66, 'Suzo', 40.48279498, -3.68250806, '2023-08-23 02:52:20', '2023-08-23 02:52:20'),
(403, 89, 'DIA ATENAS', 40.51654617, -3.92396929, '2023-08-23 06:51:40', '2023-08-23 06:51:40'),
(404, 89, 'ALCAMPO KALAMOS', 40.51796261, -3.93676249, '2023-08-23 06:54:45', '2023-08-23 06:54:45'),
(405, 89, 'ALCAMPO BURGO CENTRO', 40.48974882, -3.87694591, '2023-08-23 06:55:39', '2023-08-23 06:55:39'),
(406, 89, 'ALCAMPO MATE', 40.48992337, -3.89777908, '2023-08-23 06:57:40', '2023-08-23 06:57:40'),
(407, 89, 'Churrería Tia Mercedes', 40.50347946, -3.89277771, '2023-08-23 06:59:34', '2023-08-23 06:59:34'),
(408, 89, 'MANACOR', 40.52179035, -3.89494714, '2023-08-23 07:31:11', '2023-08-23 07:31:11'),
(409, 65, 'Serrano 45', 40.42919647, -3.68717326, '2023-08-23 14:46:13', '2023-08-23 14:46:13'),
(410, 65, 'Five guys alcala', 40.42401490, -3.67738495, '2023-08-23 14:47:06', '2023-08-23 14:47:06'),
(415, 81, 'Mc donal pulmon', 40.48006987, -3.68720666, '2023-08-23 19:10:08', '2023-08-23 19:10:08'),
(418, 81, 'Mc donal la paz 1', 40.48025454, -3.68604701, '2023-08-23 22:33:05', '2023-08-23 22:33:05'),
(419, 81, 'Donal Paz 2', 40.47982297, -3.68652779, '2023-08-23 22:33:46', '2023-08-23 22:33:46'),
(420, 81, 'Mc donal Paz 3', 40.48063520, -3.68910989, '2023-08-23 22:34:31', '2023-08-23 22:34:31'),
(421, 81, 'Pulmón mc montecarmelo', 40.50171253, -3.69731440, '2023-08-23 22:37:22', '2023-08-23 22:37:22'),
(422, 81, 'Punto mc donal montecarmelo ', 40.49667005, -3.70121000, '2023-08-23 22:38:18', '2023-08-23 22:38:18'),
(423, 81, 'Manolo narvaez', 40.42044531, -3.67596245, '2023-08-23 22:39:07', '2023-08-23 22:39:07'),
(424, 81, 'Manolo conde peñalver', 40.43158331, -3.67505195, '2023-08-23 22:40:28', '2023-08-23 22:40:28'),
(425, 81, '', 40.48275698, -3.68263642, '2023-08-23 22:44:11', '2023-08-23 22:44:11'),
(426, 81, 'Punto Mc donal la paz', 40.48275824, -3.68263153, '2023-08-23 22:45:43', '2023-08-23 22:45:43'),
(427, 81, 'Plaza de prosperidad ', 40.44401904, -3.67450609, '2023-08-23 22:54:25', '2023-08-23 22:54:25'),
(428, 81, 'McDonald\'s kiosko', 40.47963741, -3.68737839, '2023-08-23 23:25:18', '2023-08-23 23:25:18'),
(429, 66, 'McDonald\'s kiosko', 40.47963931, -3.68736891, '2023-08-24 01:45:30', '2023-08-24 01:45:30'),
(430, 65, 'McDonald\'s atocha', 40.40933209, -3.69257259, '2023-08-24 03:42:19', '2023-08-24 03:42:19'),
(431, 65, 'Santa maria ', 40.40434084, -3.69647661, '2023-08-24 03:43:24', '2023-08-24 03:43:24'),
(432, 81, 'Empanadis', 40.43419556, -3.66942205, '2023-08-24 08:35:28', '2023-08-24 08:35:28'),
(440, 7, 'Estrategia 2 ', 41.14586922, 1.11001527, '2023-08-24 12:53:18', '2023-08-24 12:53:18'),
(441, 7, 'Estrategia 1', 41.14954223, 1.09815532, '2023-08-24 12:57:06', '2023-08-24 12:57:06'),
(445, 65, 'Mc ksa', 40.35443113, -3.70498510, '2023-08-24 19:28:03', '2023-08-24 19:28:03'),
(446, 65, 'Taco bell ksa', 40.37090147, -3.69534025, '2023-08-24 19:36:23', '2023-08-24 19:36:23'),
(447, 65, 'Carrefour ksa', 40.36302877, -3.69245272, '2023-08-24 19:37:06', '2023-08-24 19:37:06'),
(448, 65, 'Mc andalucia', 40.36602363, -3.69399803, '2023-08-24 20:00:18', '2023-08-24 20:00:18'),
(449, 65, 'Puente alcocer', 40.35026798, -3.70422856, '2023-08-24 20:01:13', '2023-08-24 20:01:13'),
(451, 81, 'Patawood', 40.44362375, -3.67484884, '2023-08-24 21:18:13', '2023-08-24 21:18:13'),
(452, 81, 'Sushi mix', 40.44555575, -3.67679968, '2023-08-24 21:18:58', '2023-08-24 21:18:58'),
(455, 65, 'Santa m', 40.40122947, -3.69922318, '2023-08-25 00:43:33', '2023-08-25 00:43:33'),
(456, 65, 'Alcala 16', 40.41758596, -3.69957995, '2023-08-25 01:41:30', '2023-08-25 01:41:30'),
(457, 65, 'Fuencarral 90', 40.42707971, -3.70149750, '2023-08-25 01:41:57', '2023-08-25 01:41:57'),
(458, 65, 'Calle hortaleza', 40.42274189, -3.69930326, '2023-08-25 01:42:38', '2023-08-25 01:42:38'),
(459, 65, '4k', 40.44720961, -3.70412475, '2023-08-25 01:47:29', '2023-08-25 01:47:29'),
(460, 65, 'Five guys nm', 40.44637295, -3.69405252, '2023-08-25 01:48:02', '2023-08-25 01:48:02'),
(461, 65, 'Orense', 40.45069037, -3.69513174, '2023-08-25 01:48:23', '2023-08-25 01:48:23'),
(462, 81, 'Mallorca Velázquez ', 40.42909116, -3.68398305, '2023-08-25 07:41:35', '2023-08-25 07:41:35'),
(463, 81, '', 40.43271386, -3.68313320, '2023-08-25 07:41:56', '2023-08-25 07:41:56'),
(464, 81, 'Cristina oria', 40.43038186, -3.68326030, '2023-08-25 07:42:18', '2023-08-25 07:42:18'),
(465, 81, 'Starbucks juan bravo ', 40.43271386, -3.68313320, '2023-08-25 07:56:40', '2023-08-25 07:56:40'),
(466, 81, 'Juicy serrano ', 40.43753871, -3.68643110, '2023-08-25 07:57:06', '2023-08-25 07:57:06'),
(467, 81, 'González y co', 40.43372346, -3.68351830, '2023-08-25 10:30:40', '2023-08-25 10:30:40'),
(469, 26, 'Av am', 40.43901723, -3.67341350, '2023-08-25 11:26:38', '2023-08-25 11:26:38'),
(470, 26, 'Zaba pulmon', 40.44090408, -3.67538009, '2023-08-25 11:27:13', '2023-08-25 11:27:13'),
(471, 7, 'Mercadal', 41.15483061, 1.10863010, '2023-08-25 11:43:32', '2023-08-25 11:43:32'),
(479, 66, 'Sanjoseartesano ', 40.52958168, -3.65501041, '2023-08-25 18:43:29', '2023-08-25 18:43:29'),
(485, 65, 'Mcdonals paz', 40.47975413, -3.68827407, '2023-08-26 00:53:38', '2023-08-26 00:53:38'),
(486, 65, 'Pedro rico', 40.47930579, -3.68984822, '2023-08-26 00:54:18', '2023-08-26 00:54:18'),
(487, 65, 'M067', 40.49128603, -3.69853771, '2023-08-26 00:55:14', '2023-08-26 00:55:14'),
(488, 66, 'McDonald\'s lapaz', 40.47992509, -3.68706795, '2023-08-26 03:35:11', '2023-08-26 03:35:11'),
(489, 66, 'McDonald\'s lapazz', 40.48008466, -3.68726144, '2023-08-26 03:35:41', '2023-08-26 03:35:41'),
(498, 22, 'KFC Alcala', 40.43271088, -3.65062789, '2023-08-26 11:38:27', '2023-08-26 11:38:27'),
(499, 22, 'McDonald\'s Alcala', 40.43680172, -3.64031967, '2023-08-26 11:40:06', '2023-08-26 11:40:06'),
(502, 83, '', 40.44040000, -3.69250000, '2023-08-26 12:11:20', '2023-08-26 12:11:20'),
(508, 22, 'Papa johns Arturo Soria', 40.44165468, -3.64048569, '2023-08-26 13:18:29', '2023-08-26 13:18:29'),
(513, 89, 'CALLE TURIN', 40.49749213, -3.88953205, '2023-08-26 19:18:56', '2023-08-26 19:18:56'),
(516, 24, 'Canalejas ', 40.41663357, -3.70034510, '2023-08-26 20:44:41', '2023-08-26 20:44:41'),
(517, 81, 'Mc donal dulc chacon', 40.48339807, -3.66596402, '2023-08-26 22:39:27', '2023-08-26 22:39:27'),
(521, 89, 'CALLE ROTERDAM', 40.49747002, -3.88577618, '2023-08-27 12:01:24', '2023-08-27 12:01:24'),
(522, 89, 'RENAULT ', 40.49621524, -3.88696645, '2023-08-27 12:01:54', '2023-08-27 12:01:54'),
(523, 22, 'Palacio del Hielo', 40.46255765, -3.63673845, '2023-08-27 12:22:11', '2023-08-27 12:22:11'),
(524, 23, 'A3', 40.36748991, -3.58491219, '2023-08-27 12:30:40', '2023-08-27 12:30:40'),
(525, 85, 'MndZ alvaro', 40.39170933, -3.67792695, '2023-08-27 20:32:14', '2023-08-27 20:32:14'),
(526, 85, '', 40.39290300, -3.67622000, '2023-08-27 20:33:44', '2023-08-27 20:33:44'),
(527, 85, 'Mndezalvaroo', 40.39290300, -3.67622000, '2023-08-27 20:33:55', '2023-08-27 20:33:55'),
(528, 85, 'M12', 40.45746133, -3.61233649, '2023-08-28 00:32:43', '2023-08-28 00:32:43'),
(529, 85, 'A3', 40.36755523, -3.58513550, '2023-08-28 01:14:19', '2023-08-28 01:14:19'),
(531, 22, 'Empanadish ', 40.43458436, -3.66886231, '2023-08-28 12:25:44', '2023-08-28 12:25:44'),
(532, 22, 'Zabaleta 1', 40.44067984, -3.67563419, '2023-08-28 14:00:51', '2023-08-28 14:00:51'),
(534, 22, 'Healty General Pardiñas', 40.42739910, -3.67849999, '2023-08-31 19:33:23', '2023-08-31 19:33:23'),
(535, 66, 'Dulcech', 40.48311461, -3.68184347, '2023-08-31 23:25:48', '2023-08-31 23:25:48'),
(536, 66, 'Carrefours', 40.45921413, -3.69430709, '2023-08-31 23:26:46', '2023-08-31 23:26:46'),
(537, 66, 'Dulcechacon 1', 40.48302645, -3.67132515, '2023-08-31 23:28:27', '2023-08-31 23:28:27'),
(538, 85, 'Zabaleta', 40.44128522, -3.67660549, '2023-09-01 07:55:42', '2023-09-01 07:55:42'),
(539, 65, 'Zab luis', 40.44059800, -3.67399100, '2023-09-01 19:19:19', '2023-09-01 19:19:19'),
(540, 81, 'Starbucks conde de Peñal...', 40.42613621, -3.67543785, '2023-09-02 07:48:34', '2023-09-02 07:48:34'),
(541, 81, 'Chocolatería ', 40.44436806, -3.67402980, '2023-09-02 08:53:25', '2023-09-02 08:53:25'),
(542, 65, 'Tt velazquez', 40.43701100, -3.68273100, '2023-09-02 11:44:50', '2023-09-02 11:44:50'),
(543, 22, 'Cartagena xxx', 40.44059800, -3.67399100, '2023-09-02 14:17:18', '2023-09-02 14:17:18'),
(544, 22, 'Velasquez xxx', 40.43701100, -3.68273100, '2023-09-02 14:18:34', '2023-09-02 14:18:34'),
(545, 91, 'Loech', 40.50130162, -3.89904315, '2023-09-02 16:02:41', '2023-09-02 16:02:41'),
(546, 91, 'M505', 40.49868356, -3.89424639, '2023-09-02 16:04:21', '2023-09-02 16:04:21'),
(549, 91, 'Arcen villa', 40.49576449, -3.90557784, '2023-09-02 16:07:34', '2023-09-02 16:07:34'),
(551, 89, 'CALLE JUMILLA', 40.48920366, -3.88833413, '2023-09-02 17:34:53', '2023-09-02 17:34:53'),
(552, 22, 'Manolo conde', 40.43173284, -3.67495593, '2023-09-03 08:53:11', '2023-09-03 08:53:11'),
(554, 91, 'Tasty', 40.50455556, -3.89063840, '2023-09-03 12:43:26', '2023-09-03 12:43:26'),
(555, 85, 'A3', 40.36750329, -3.58498855, '2023-09-03 16:23:38', '2023-09-03 16:23:38'),
(560, 85, 'M45', 40.35858549, -3.61508870, '2023-09-03 22:47:04', '2023-09-03 22:47:04'),
(561, 91, 'Churrería', 40.50343051, -3.89268220, '2023-09-04 07:15:00', '2023-09-04 07:15:00'),
(562, 91, 'Heron', 40.51622841, -3.89818111, '2023-09-04 07:15:44', '2023-09-04 07:15:44'),
(563, 91, 'Gran plaza', 40.49163840, -3.89858055, '2023-09-04 07:16:30', '2023-09-04 07:16:30'),
(565, 91, 'La mierda', 40.48132033, -3.85305662, '2023-09-04 11:13:42', '2023-09-04 11:13:42'),
(566, 91, 'Fitzgerald', 40.52306361, -3.89155255, '2023-09-04 11:14:25', '2023-09-04 11:14:25'),
(567, 91, 'A6 pinar', 40.52964990, -3.88668056, '2023-09-04 15:43:58', '2023-09-04 15:43:58'),
(568, 91, 'McDonalds Pinar', 40.52321091, -3.88433064, '2023-09-04 15:44:42', '2023-09-04 15:44:42'),
(569, 91, 'Repsol Matas', 40.55254408, -3.89743882, '2023-09-04 15:46:53', '2023-09-04 15:46:53'),
(571, 81, 'Solo paella', 40.44128039, -3.67660289, '2023-09-04 17:34:33', '2023-09-04 17:34:33'),
(572, 81, 'Zabaleta punto ultimo', 40.44081825, -3.67501918, '2023-09-04 17:36:31', '2023-09-04 17:36:31'),
(573, 81, 'Zabaleta PC box', 40.44099191, -3.67475724, '2023-09-04 17:38:37', '2023-09-04 17:38:37'),
(574, 81, 'López de hoyos 127', 40.44642636, -3.67092685, '2023-09-04 21:19:10', '2023-09-04 21:19:10'),
(575, 85, 'Zaba1', 40.44128606, -3.67660419, '2023-09-05 12:20:52', '2023-09-05 12:20:52'),
(577, 91, 'Burgo', 40.48988947, -3.87717370, '2023-09-05 20:06:43', '2023-09-05 20:06:43'),
(579, 91, 'Día atenas', 40.51764812, -3.92314919, '2023-09-06 08:33:34', '2023-09-06 08:33:34'),
(580, 91, 'Gata', 40.54351748, -3.91104821, '2023-09-06 08:34:46', '2023-09-06 08:34:46'),
(581, 22, 'Mcdonald silvela', 40.43385624, -3.67177844, '2023-09-06 11:14:21', '2023-09-06 11:14:21'),
(583, 22, 'Calle de Costa Rica xxx', 40.45910500, -3.66751400, '2023-09-06 11:18:01', '2023-09-06 11:18:01'),
(584, 22, 'Donostiarra xxx', 40.43512400, -3.65992000, '2023-09-06 11:19:21', '2023-09-06 11:19:21'),
(585, 81, 'Zabaleta chirino', 40.44127400, -3.67816900, '2023-09-06 12:22:15', '2023-09-06 12:22:15'),
(586, 81, 'Zabaleta chirino 2', 40.44067500, -3.67426400, '2023-09-06 12:22:56', '2023-09-06 12:22:56'),
(587, 91, 'Tabú ', 40.49967805, -3.89342072, '2023-09-06 13:09:37', '2023-09-06 13:09:37'),
(588, 91, 'Jardín', 40.48443613, -3.86094714, '2023-09-06 14:22:00', '2023-09-06 14:22:00'),
(589, 91, 'Lobo', 40.47529146, -3.90462665, '2023-09-06 14:50:30', '2023-09-06 14:50:30'),
(590, 89, 'CARTAGENA', 40.49109738, -3.89045880, '2023-09-06 16:41:37', '2023-09-06 16:41:37'),
(591, 89, 'MAZARRÓN ', 40.49059501, -3.88899195, '2023-09-06 16:55:26', '2023-09-06 16:55:26'),
(592, 89, 'CALLE HUELVA', 40.48734280, -3.88729874, '2023-09-06 16:56:45', '2023-09-06 16:56:45'),
(593, 65, 'Gregorio marañom', 40.43810661, -3.69259309, '2023-09-06 18:36:46', '2023-09-06 18:36:46'),
(594, 65, '', 40.55226800, -3.67305700, '2023-09-06 18:40:32', '2023-09-06 18:40:32'),
(596, 94, 'Iyj', 40.43955260, -3.69224028, '2023-09-06 18:54:27', '2023-09-06 18:54:27'),
(598, 93, 'M12', 40.53005400, -3.61217300, '2023-09-06 18:56:30', '2023-09-06 18:56:30'),
(600, 94, 'M616 vuelta', 40.55226800, -3.67305700, '2023-09-06 18:56:53', '2023-09-06 18:56:53'),
(601, 94, 'Activa', 40.55968214, -3.60836925, '2023-09-06 18:57:33', '2023-09-06 18:57:33'),
(602, 94, '', 40.53005400, -3.61217300, '2023-09-06 18:57:50', '2023-09-06 18:57:50'),
(603, 93, 'M-16', 40.55226800, -3.67305700, '2023-09-06 18:58:01', '2023-09-06 18:58:01'),
(604, 93, 'Alegra', 40.55909000, -3.60858000, '2023-09-06 18:58:25', '2023-09-06 18:58:25'),
(605, 94, 'M12..', 40.53005400, -3.61217300, '2023-09-06 18:58:28', '2023-09-06 18:58:28'),
(606, 81, 'Zabaleta Raúl ', 40.44059800, -3.67399100, '2023-09-06 19:16:18', '2023-09-06 19:16:18'),
(607, 81, 'Zabaleta Raúl 2', 40.44103600, -3.67565900, '2023-09-06 19:17:11', '2023-09-06 19:17:11'),
(608, 81, 'Zabaleta Raúl 3', 40.44059800, -3.67399100, '2023-09-06 19:17:41', '2023-09-06 19:17:41'),
(609, 94, 'Ilucion’m', 40.55730533, -3.66191893, '2023-09-06 19:39:40', '2023-09-06 19:39:40'),
(610, 93, 'Marqués de la Valdavia', 40.54719850, -3.65637404, '2023-09-06 20:22:53', '2023-09-06 20:22:53'),
(611, 93, 'Diversia', 40.53089762, -3.63923712, '2023-09-06 20:23:14', '2023-09-06 20:23:14'),
(612, 93, 'Plaza Norte ', 40.54014708, -3.61366528, '2023-09-06 20:23:31', '2023-09-06 20:23:31'),
(613, 93, 'Empanadish', 40.54443391, -3.64925361, '2023-09-06 20:24:19', '2023-09-06 20:24:19'),
(614, 93, 'Alegra centro comercial ', 40.56699751, -3.60896670, '2023-09-06 20:24:57', '2023-09-06 20:24:57'),
(615, 93, 'Cepsa Abedul ', 40.59014525, -3.58218323, '2023-09-06 20:26:10', '2023-09-06 20:26:10'),
(616, 93, 'Vicio', 40.53560153, -3.66461259, '2023-09-06 20:26:38', '2023-09-06 20:26:38'),
(617, 94, 'Mcdonal bajo', 40.54947613, -3.66238397, '2023-09-06 21:05:03', '2023-09-06 21:05:03'),
(618, 94, 'M616 - alta demanda', 40.55271673, -3.67414740, '2023-09-06 21:29:49', '2023-09-06 21:29:49'),
(619, 94, 'Probar alta', 40.55896424, -3.63347487, '2023-09-06 21:33:45', '2023-09-06 21:33:45'),
(620, 94, 'Granja baja', 40.53972814, -3.66173150, '2023-09-06 21:37:29', '2023-09-06 21:37:29'),
(621, 94, 'Granja pruaba', 40.53460774, -3.66378604, '2023-09-06 21:38:23', '2023-09-06 21:38:23'),
(622, 94, 'Empanadis', 40.54478876, -3.64723224, '2023-09-07 09:22:43', '2023-09-07 09:22:43'),
(623, 65, 'Piripiri', 40.44639353, -3.67076340, '2023-09-07 11:20:04', '2023-09-07 11:20:04'),
(624, 94, 'Fabooo', 40.53493030, -3.63031272, '2023-09-07 11:39:43', '2023-09-07 11:39:43'),
(625, 89, 'C VALENCIA', 40.48590487, -3.88272502, '2023-09-07 12:11:44', '2023-09-07 12:11:44'),
(626, 89, 'P PARIS', 40.49279578, -3.88675682, '2023-09-07 12:12:19', '2023-09-07 12:12:19'),
(627, 85, 'Dia', 40.37759950, -3.63000708, '2023-09-07 13:05:16', '2023-09-07 13:05:16'),
(628, 91, 'Mc Matemáticos', 40.48856099, -3.89704633, '2023-09-07 13:37:12', '2023-09-07 13:37:12'),
(629, 93, 'M-16', 40.55250300, -3.67334400, '2023-09-07 18:35:18', '2023-09-07 18:35:18'),
(631, 89, 'HERON', 40.51491932, -3.89814163, '2023-09-08 14:20:39', '2023-09-08 14:20:39'),
(632, 89, 'EUROPOLIS', 40.50223311, -3.89143564, '2023-09-08 14:21:52', '2023-09-08 14:21:52'),
(633, 89, 'PUEBLO', 40.49197161, -3.87279033, '2023-09-08 14:24:02', '2023-09-08 14:24:02'),
(634, 89, 'PINAR DE LAS ROZAS', 40.52124043, -3.88514192, '2023-09-08 14:25:21', '2023-09-08 14:25:21'),
(635, 89, 'HORMIGONERAS', 40.47893875, -3.89632249, '2023-09-08 14:28:19', '2023-09-08 14:28:19'),
(637, 91, 'Euro', 40.49719850, -3.88580937, '2023-09-08 18:21:16', '2023-09-08 18:21:16'),
(638, 85, 'Zabaleeeta', 40.44153351, -3.67718018, '2023-09-08 18:32:32', '2023-09-08 18:32:32'),
(639, 85, '', 40.44067500, -3.67426400, '2023-09-08 18:58:58', '2023-09-08 18:58:58'),
(640, 85, 'Zaba chirino', 40.44067500, -3.67426400, '2023-09-08 18:59:47', '2023-09-08 18:59:47'),
(641, 85, 'Mcdonql xtre', 40.41029160, -3.73715637, '2023-09-08 23:37:28', '2023-09-08 23:37:28'),
(642, 85, 'Albufera1', 40.39574363, -3.67085898, '2023-09-09 01:03:55', '2023-09-09 01:03:55'),
(643, 81, 'Día clara del rey', 40.44327476, -3.66885055, '2023-09-09 06:52:23', '2023-09-09 06:52:23'),
(644, 91, 'Uned', 40.51233069, -3.91713258, '2023-09-09 07:27:53', '2023-09-09 07:27:53'),
(645, 81, 'Día de conde de Peñalver ', 40.43318166, -3.67510495, '2023-09-09 09:05:57', '2023-09-09 09:05:57'),
(646, 89, 'GP1', 40.49720717, -3.89042725, '2023-09-09 09:40:50', '2023-09-09 09:40:50'),
(647, 89, 'GP2', 40.49859674, -3.89371242, '2023-09-09 09:41:26', '2023-09-09 09:41:26'),
(648, 89, 'GP3', 40.49963101, -3.89751570, '2023-09-09 10:41:34', '2023-09-09 10:41:34'),
(649, 89, 'GP4', 40.49808364, -3.90115778, '2023-09-09 10:42:04', '2023-09-09 10:42:04'),
(650, 89, 'GP5', 40.49495923, -3.88553506, '2023-09-09 10:42:52', '2023-09-09 10:42:52'),
(651, 89, 'GP6', 40.50282325, -3.90496815, '2023-09-09 10:43:28', '2023-09-09 10:43:28'),
(652, 81, 'Goya McDonald\'s ', 40.42467973, -3.67664708, '2023-09-09 10:55:04', '2023-09-09 10:55:04'),
(653, 85, 'Z', 40.44101272, -3.67561397, '2023-09-09 11:39:57', '2023-09-09 11:39:57'),
(654, 85, 'McDonald\'s casa', 40.38385978, -3.62491817, '2023-09-09 22:50:30', '2023-09-09 22:50:30'),
(656, 89, 'PASARELA', 40.49221382, -3.87987269, '2023-09-10 09:27:16', '2023-09-10 09:27:16'),
(657, 89, 'PASARELA 2', 40.49232446, -3.87978297, '2023-09-10 09:29:44', '2023-09-10 09:29:44'),
(658, 89, 'PASARELA 3', 40.49227953, -3.87981985, '2023-09-10 09:32:25', '2023-09-10 09:32:25'),
(660, 91, 'Mateo', 40.49759550, -3.89019027, '2023-09-10 09:43:49', '2023-09-10 09:43:49'),
(661, 89, 'CALLE TURÍN ESTACIONA', 40.49755946, -3.89007084, '2023-09-10 10:17:01', '2023-09-10 10:17:01'),
(662, 91, 'New', 40.49227951, -3.87981966, '2023-09-10 10:59:33', '2023-09-10 10:59:33'),
(663, 81, 'Piri piri', 40.44642636, -3.67092685, '2023-09-10 11:42:43', '2023-09-10 11:42:43'),
(664, 81, 'Mc donal las tablas', 40.50764427, -3.65888583, '2023-09-10 16:18:23', '2023-09-10 16:18:23'),
(665, 91, 'Cibeles', 40.40648486, -3.89596335, '2023-09-11 08:01:10', '2023-09-11 08:01:10'),
(666, 91, 'CRF MKT BOA', 40.40830941, -3.90260950, '2023-09-11 08:26:48', '2023-09-11 08:26:48'),
(667, 91, 'Vivo boa', 40.40862434, -3.90524300, '2023-09-11 08:42:46', '2023-09-11 08:42:46'),
(668, 65, 'Santa maria nuevo', 40.40434000, -3.69647300, '2023-09-11 14:03:25', '2023-09-11 14:03:25'),
(669, 96, '✌️', 40.40434000, -3.69647300, '2023-09-11 15:04:09', '2023-09-11 15:04:09'),
(670, 96, '😁', 40.40551134, -3.69537530, '2023-09-11 16:32:28', '2023-09-11 16:32:28'),
(671, 96, '👍', 40.40625208, -3.69449311, '2023-09-11 17:23:25', '2023-09-11 17:23:25'),
(672, 96, 'Eduardo ', 40.40265200, -3.69822600, '2023-09-11 18:03:03', '2023-09-11 18:03:03'),
(673, 94, 'Nadal', 40.53801686, -3.62317555, '2023-09-11 18:42:37', '2023-09-11 18:42:37'),
(674, 7, 'Rey kebac', 41.15270474, 1.11486435, '2023-09-11 18:48:28', '2023-09-11 18:48:28'),
(675, 91, 'Renault', 40.49585667, -3.88681539, '2023-09-12 09:20:56', '2023-09-12 09:20:56'),
(676, 65, 'Bilbao', 40.42911423, -3.70246251, '2023-09-12 11:00:14', '2023-09-12 11:00:14'),
(677, 65, 'Albuquerque', 40.43117335, -3.70301103, '2023-09-12 11:53:15', '2023-09-12 11:53:15'),
(678, 65, 'R san pedro', 40.43145394, -3.70566671, '2023-09-12 11:54:06', '2023-09-12 11:54:06'),
(679, 65, 'Quevedo', 40.43365013, -3.70365028, '2023-09-12 11:55:00', '2023-09-12 11:55:00');

-- --------------------------------------------------------

--
-- Estructura de tabla para la tabla `migrations`
--

CREATE TABLE `migrations` (
  `id` int(10) UNSIGNED NOT NULL,
  `migration` varchar(255) NOT NULL,
  `batch` int(11) NOT NULL
) ENGINE=InnoDB DEFAULT CHARSET=utf8mb4 COLLATE=utf8mb4_unicode_ci;

--
-- Volcado de datos para la tabla `migrations`
--

INSERT INTO `migrations` (`id`, `migration`, `batch`) VALUES
(1, '2014_10_12_100000_create_password_resets_table', 1),
(2, '2019_12_14_000001_create_personal_access_tokens_table', 1),
(3, '2023_07_15_000001_create_permissions_table', 1),
(4, '2023_07_15_000002_create_roles_table', 1),
(5, '2023_07_15_000003_create_users_table', 1),
(6, '2023_07_15_000004_create_clients_table', 1),
(7, '2023_07_15_000005_create_clients_wbs_table', 1),
(8, '2023_07_15_000006_create_permission_role_pivot_table', 1),
(9, '2023_07_15_000007_create_role_user_pivot_table', 1),
(10, '2023_07_19_000006_create_proxies_table', 2);

-- --------------------------------------------------------

--
-- Estructura de tabla para la tabla `password_resets`
--

CREATE TABLE `password_resets` (
  `email` varchar(255) NOT NULL,
  `token` varchar(255) NOT NULL,
  `created_at` timestamp NULL DEFAULT NULL
) ENGINE=InnoDB DEFAULT CHARSET=utf8mb4 COLLATE=utf8mb4_unicode_ci;

-- --------------------------------------------------------

--
-- Estructura de tabla para la tabla `permissions`
--

CREATE TABLE `permissions` (
  `id` bigint(20) UNSIGNED NOT NULL,
  `title` varchar(255) DEFAULT NULL,
  `created_at` timestamp NULL DEFAULT NULL,
  `updated_at` timestamp NULL DEFAULT NULL,
  `deleted_at` timestamp NULL DEFAULT NULL
) ENGINE=InnoDB DEFAULT CHARSET=utf8mb4 COLLATE=utf8mb4_unicode_ci;

--
-- Volcado de datos para la tabla `permissions`
--

INSERT INTO `permissions` (`id`, `title`, `created_at`, `updated_at`, `deleted_at`) VALUES
(1, 'user_management_access', NULL, NULL, NULL),
(2, 'permission_create', NULL, NULL, NULL),
(3, 'permission_edit', NULL, NULL, NULL),
(4, 'permission_show', NULL, NULL, NULL),
(5, 'permission_delete', NULL, NULL, NULL),
(6, 'permission_access', NULL, NULL, NULL),
(7, 'role_create', NULL, NULL, NULL),
(8, 'role_edit', NULL, NULL, NULL),
(9, 'role_show', NULL, NULL, NULL),
(10, 'role_delete', NULL, NULL, NULL),
(11, 'role_access', NULL, NULL, NULL),
(12, 'user_create', NULL, NULL, NULL),
(13, 'user_edit', NULL, NULL, NULL),
(14, 'user_show', NULL, NULL, NULL),
(15, 'user_delete', NULL, NULL, NULL),
(16, 'user_access', NULL, NULL, NULL),
(17, 'client_create', NULL, NULL, NULL),
(18, 'client_edit', NULL, NULL, NULL),
(19, 'client_delete', NULL, NULL, NULL),
(20, 'client_access', NULL, NULL, NULL),
(21, 'client_managment_access', NULL, NULL, NULL),
(22, 'clients_wb_create', NULL, NULL, NULL),
(23, 'clients_wb_edit', NULL, NULL, NULL),
(24, 'clients_wb_show', NULL, NULL, NULL),
(25, 'clients_wb_delete', NULL, NULL, NULL),
(26, 'clients_wb_access', NULL, NULL, NULL),
(27, 'profile_password_edit', NULL, NULL, NULL),
(28, 'proxy_create', NULL, NULL, NULL),
(29, 'proxy_edit', NULL, NULL, NULL),
(30, 'proxy_show', NULL, NULL, NULL),
(31, 'proxy_delete', NULL, NULL, NULL),
(32, 'proxy_access', NULL, NULL, NULL),
(33, 'profile_password_edit', NULL, NULL, NULL);

-- --------------------------------------------------------

--
-- Estructura de tabla para la tabla `permission_role`
--

CREATE TABLE `permission_role` (
  `role_id` bigint(20) UNSIGNED NOT NULL,
  `permission_id` bigint(20) UNSIGNED NOT NULL
) ENGINE=InnoDB DEFAULT CHARSET=utf8mb4 COLLATE=utf8mb4_unicode_ci;

--
-- Volcado de datos para la tabla `permission_role`
--

INSERT INTO `permission_role` (`role_id`, `permission_id`) VALUES
(1, 1),
(1, 2),
(1, 3),
(1, 4),
(1, 5),
(1, 6),
(1, 7),
(1, 8),
(1, 9),
(1, 10),
(1, 11),
(1, 12),
(1, 13),
(1, 14),
(1, 15),
(1, 16),
(1, 17),
(1, 18),
(1, 19),
(1, 20),
(1, 21),
(1, 22),
(1, 23),
(1, 24),
(1, 25),
(1, 26),
(1, 27),
(2, 17),
(2, 18),
(2, 19),
(2, 20),
(2, 21),
(2, 22),
(2, 23),
(2, 24),
(2, 25),
(2, 26),
(2, 27),
(3, 17),
(3, 24),
(3, 21),
(3, 26),
(3, 20),
(1, 28),
(1, 29),
(1, 30),
(1, 31),
(1, 32),
(1, 33),
(3, 23);

-- --------------------------------------------------------

--
-- Estructura de tabla para la tabla `proxies`
--

CREATE TABLE `proxies` (
  `id` bigint(20) UNSIGNED NOT NULL,
  `host` varchar(255) NOT NULL,
  `port` varchar(255) NOT NULL,
  `username` varchar(255) DEFAULT NULL,
  `password` varchar(255) DEFAULT NULL,
  `valid` tinyint(1) NOT NULL DEFAULT 0,
  `usage` bigint(20) NOT NULL DEFAULT 0,
  `created_at` timestamp NULL DEFAULT NULL,
  `updated_at` timestamp NULL DEFAULT NULL,
  `deleted_at` timestamp NULL DEFAULT NULL
) ENGINE=InnoDB DEFAULT CHARSET=utf8mb4 COLLATE=utf8mb4_unicode_ci;

--
-- Volcado de datos para la tabla `proxies`
--

INSERT INTO `proxies` (`id`, `host`, `port`, `username`, `password`, `valid`, `usage`, `created_at`, `updated_at`, `deleted_at`) VALUES
(1, '193.43.119.125', '50100', 'frankalvarez7515', 'UuPIe5sATL', 1, 10, '2023-07-19 20:57:56', '2023-08-07 20:35:22', '2023-08-07 13:32:50'),
(2, '193.43.119.130', '50100', 'frankalvarez7515', 'UuPIe5sATL', 1, 10, '2023-07-19 23:02:08', '2023-08-08 12:29:46', '2023-08-07 13:32:50'),
(3, '193.43.119.246', '50100', 'frankalvarez7515', 'UuPIe5sATL', 1, 10, '2023-07-20 06:32:01', '2023-08-08 12:29:51', '2023-08-07 13:32:50'),
(4, '193.43.119.1', '50100', 'frankalvarez7515', 'UuPIe5sATL', 1, 10, '2023-07-20 06:32:26', '2023-08-08 12:36:21', '2023-08-07 13:32:50'),
(5, '193.43.119.4', '50100', 'frankalvarez7515', 'UuPIe5sATL', 1, 10, '2023-07-20 06:32:53', '2023-08-08 12:37:13', '2023-08-07 13:32:50'),
(6, '193.43.119.139', '50100', 'frankalvarez7515', 'UuPIe5sATL', 1, 10, '2023-07-20 06:33:34', '2023-08-08 12:37:19', '2023-08-07 13:32:50'),
(7, '193.43.119.157', '50100', 'frankalvarez7515', 'UuPIe5sATL', 1, 10, '2023-07-20 06:33:43', '2023-08-08 13:24:24', '2023-08-07 13:32:50'),
(8, '185.206.248.35', '50100', 'frankalvarez7515', 'UuPIe5sATL', 1, 10, '2023-07-20 06:33:54', '2023-08-08 13:24:35', '2023-08-07 13:32:50'),
(9, '185.206.248.90', '50100', 'frankalvarez7515', 'UuPIe5sATL', 1, 10, '2023-07-20 06:34:03', '2023-08-08 13:25:10', '2023-08-07 13:32:50'),
(10, '185.248.50.35', '50100', 'frankalvarez7515', 'UuPIe5sATL', 1, 10, '2023-07-20 06:34:16', '2023-08-08 13:25:17', '2023-08-07 13:32:50'),
(11, '185.248.50.23', '50100', 'frankalvarez7515', 'UuPIe5sATL', 1, 9, '2023-07-20 06:34:27', '2023-08-07 13:32:50', '2023-08-07 13:32:50'),
(12, '185.248.50.117', '50100', 'frankalvarez7515', 'UuPIe5sATL', 1, 9, '2023-07-20 06:34:42', '2023-08-07 13:32:50', '2023-08-07 13:32:50'),
(13, '185.248.50.234', '50100', 'frankalvarez7515', 'UuPIe5sATL', 1, 9, '2023-07-20 06:34:53', '2023-08-07 13:32:50', '2023-08-07 13:32:50'),
(14, '185.248.50.249', '50100', 'frankalvarez7515', 'UuPIe5sATL', 1, 9, '2023-07-20 06:35:02', '2023-08-07 13:32:50', '2023-08-07 13:32:50'),
(15, '185.248.50.134', '50100', 'frankalvarez7515', 'UuPIe5sATL', 1, 9, '2023-07-20 06:35:11', '2023-08-07 13:32:50', '2023-08-07 13:32:50'),
(16, '185.248.50.253', '50100', 'frankalvarez7515', 'UuPIe5sATL', 1, 9, '2023-07-20 06:35:29', '2023-08-07 13:32:50', '2023-08-07 13:32:50'),
(17, '185.248.50.137', '50100', 'frankalvarez7515', 'UuPIe5sATL', 1, 9, '2023-07-20 06:35:38', '2023-08-07 15:33:13', '2023-08-07 13:32:50'),
(18, '185.248.50.136', '50100', 'frankalvarez7515', 'UuPIe5sATL', 1, 9, '2023-07-20 06:35:49', '2023-08-07 19:27:20', '2023-08-07 13:32:50'),
(19, '185.248.50.149', '50100', 'frankalvarez7515', 'UuPIe5sATL', 1, 9, '2023-07-20 06:35:59', '2023-08-07 19:33:13', '2023-08-07 13:32:50'),
(20, '185.248.50.51', '50100', 'frankalvarez7515', 'UuPIe5sATL', 0, 9, '2023-07-20 06:36:09', '2023-08-07 19:38:15', '2023-08-07 13:32:50'),
(21, '185.248.50.178', '50100', 'frankalvarez7515', 'UuPIe5sATL', 1, 9, '2023-07-20 06:36:22', '2023-08-07 20:02:53', '2023-08-07 13:32:50'),
(22, '185.248.50.186', '50100', 'frankalvarez7515', 'UuPIe5sATL', 1, 9, '2023-07-20 06:36:33', '2023-08-07 20:11:10', '2023-08-07 13:32:50'),
(23, '193.43.119.167', '50100', 'frankalvarez7515', 'UuPIe5sATL', 1, 9, '2023-07-20 06:36:44', '2023-08-07 20:11:47', '2023-08-07 13:32:50'),
(24, '193.43.119.6', '50100', 'frankalvarez7515', 'UuPIe5sATL', 1, 9, '2023-07-20 06:36:54', '2023-08-07 20:13:13', '2023-08-07 13:32:50'),
(25, '193.43.119.197', '50100', 'frankalvarez7515', 'UuPIe5sATL', 1, 9, '2023-07-20 06:37:09', '2023-08-07 20:14:59', '2023-08-07 13:32:50'),
(26, 'geo.iproyal.com', '12321', 'winzero08', 'oomonthly2103_country-es', 0, 9, '2023-08-07 13:38:04', '2023-09-01 21:17:25', '2023-08-14 08:46:42'),
(27, '185.121.13.53', '50100', 'frankalvarez7515', 'UuPIe5sATL', 0, 6, '2023-08-08 12:48:23', '2023-09-11 15:02:36', '2023-08-14 07:38:01'),
(28, '185.121.12.215', '50100', 'frankalvarez7515', 'UuPIe5sATL', 0, 5, '2023-08-08 12:48:53', '2023-09-02 15:46:35', '2023-08-14 07:38:01'),
(29, '185.121.12.210', '50100', 'frankalvarez7515', 'UuPIe5sATL', 0, 5, '2023-08-08 12:51:18', '2023-09-02 15:46:55', '2023-08-14 07:38:01'),
(30, '185.121.12.216', '50100', 'frankalvarez7515', 'UuPIe5sATL', 0, 5, '2023-08-08 12:51:31', '2023-09-02 16:02:41', '2023-08-14 07:38:01'),
(31, '185.121.14.89', '50100', 'frankalvarez7515', 'UuPIe5sATL', 1, 5, '2023-08-08 12:51:42', '2023-09-03 21:59:26', '2023-08-14 07:38:01'),
(32, '185.121.14.81', '50100', 'frankalvarez7515', 'UuPIe5sATL', 1, 5, '2023-08-08 12:51:54', '2023-09-03 22:05:23', '2023-08-14 07:38:01'),
(33, '185.121.15.6', '50100', 'frankalvarez7515', 'UuPIe5sATL', 0, 5, '2023-08-08 12:52:06', '2023-09-04 17:34:33', '2023-08-14 07:38:01'),
(34, '185.121.15.7', '50100', 'frankalvarez7515', 'UuPIe5sATL', 0, 5, '2023-08-08 12:52:16', '2023-09-05 11:30:00', '2023-08-14 07:38:01'),
(35, '185.121.15.5', '50100', 'frankalvarez7515', 'UuPIe5sATL', 0, 5, '2023-08-08 12:52:28', '2023-09-05 11:32:30', '2023-08-14 07:38:01'),
(36, '185.121.14.202', '50100', 'frankalvarez7515', 'UuPIe5sATL', 1, 5, '2023-08-08 12:52:41', '2023-09-06 11:26:01', '2023-08-14 07:38:01'),
(37, '185.121.12.213', '50100', 'frankalvarez7515', 'UuPIe5sATL', 1, 5, '2023-08-14 08:47:03', '2023-09-06 18:52:31', NULL),
(38, '185.121.13.31', '50100', 'frankalvarez7515', 'UuPIe5sATL', 1, 5, '2023-08-14 08:47:16', '2023-09-06 18:53:38', NULL),
(39, '185.121.15.201', '50100', 'frankalvarez7515', 'UuPIe5sATL', 0, 5, '2023-08-14 08:47:25', '2023-09-06 20:21:50', NULL),
(40, '185.121.15.249', '50100', 'frankalvarez7515', 'UuPIe5sATL', 1, 5, '2023-08-14 08:47:33', '2023-09-06 18:54:26', NULL),
(41, '139.190.34.78', '50100', 'frankalvarez7515', 'UuPIe5sATL', 1, 5, '2023-08-14 08:47:45', '2023-09-06 20:20:31', NULL),
(42, '139.190.34.201', '50100', 'frankalvarez7515', 'UuPIe5sATL', 1, 5, '2023-08-14 08:47:58', '2023-09-06 20:21:08', NULL),
(43, '139.190.34.64', '50100', 'frankalvarez7515', 'UuPIe5sATL', 1, 5, '2023-08-14 08:48:07', '2023-09-06 20:21:50', NULL),
(44, '139.190.34.141', '50100', 'frankalvarez7515', 'UuPIe5sATL', 1, 5, '2023-08-14 08:48:16', '2023-09-07 10:03:03', NULL),
(45, '188.214.235.201', '50100', 'frankalvarez7515', 'UuPIe5sATL', 0, 5, '2023-08-14 08:48:24', '2023-09-10 16:18:23', NULL),
(46, '188.214.235.118', '50100', 'frankalvarez7515', 'UuPIe5sATL', 1, 5, '2023-08-14 08:48:33', '2023-09-10 16:18:23', NULL);

-- --------------------------------------------------------

--
-- Estructura de tabla para la tabla `roles`
--

CREATE TABLE `roles` (
  `id` bigint(20) UNSIGNED NOT NULL,
  `title` varchar(255) DEFAULT NULL,
  `created_at` timestamp NULL DEFAULT NULL,
  `updated_at` timestamp NULL DEFAULT NULL,
  `deleted_at` timestamp NULL DEFAULT NULL
) ENGINE=InnoDB DEFAULT CHARSET=utf8mb4 COLLATE=utf8mb4_unicode_ci;

--
-- Volcado de datos para la tabla `roles`
--

INSERT INTO `roles` (`id`, `title`, `created_at`, `updated_at`, `deleted_at`) VALUES
(1, 'Admin', NULL, NULL, NULL),
(2, 'User', NULL, NULL, NULL),
(3, 'Operador', '2023-07-15 18:47:46', '2023-07-15 18:47:46', NULL);

-- --------------------------------------------------------

--
-- Estructura de tabla para la tabla `role_user`
--

CREATE TABLE `role_user` (
  `user_id` bigint(20) UNSIGNED NOT NULL,
  `role_id` bigint(20) UNSIGNED NOT NULL
) ENGINE=InnoDB DEFAULT CHARSET=utf8mb4 COLLATE=utf8mb4_unicode_ci;

--
-- Volcado de datos para la tabla `role_user`
--

INSERT INTO `role_user` (`user_id`, `role_id`) VALUES
(1, 1),
(2, 3);

-- --------------------------------------------------------

--
-- Estructura de tabla para la tabla `users`
--

CREATE TABLE `users` (
  `id` bigint(20) UNSIGNED NOT NULL,
  `name` varchar(255) DEFAULT NULL,
  `email` varchar(255) DEFAULT NULL,
  `email_verified_at` datetime DEFAULT NULL,
  `password` varchar(255) DEFAULT NULL,
  `remember_token` varchar(255) DEFAULT NULL,
  `created_at` timestamp NULL DEFAULT NULL,
  `updated_at` timestamp NULL DEFAULT NULL,
  `deleted_at` timestamp NULL DEFAULT NULL
) ENGINE=InnoDB DEFAULT CHARSET=utf8mb4 COLLATE=utf8mb4_unicode_ci;

--
-- Volcado de datos para la tabla `users`
--

INSERT INTO `users` (`id`, `name`, `email`, `email_verified_at`, `password`, `remember_token`, `created_at`, `updated_at`, `deleted_at`) VALUES
(1, 'Admin', 'frankalvarez7515@gmail.com', NULL, '$2y$10$SzB7YojY8KrPW1qttH7/1OLZ5MZWC9dpyy.o/KKBwrEjvX4f9xutO', 'GFqismFnIQYkdyyJeanbnN9s40t4Fc1W9WXr6vwpvmjyoA2VsSggblcZwE3v', NULL, '2023-07-15 18:42:37', NULL),
(2, 'Jose', 'jchirinosfsrg@gmail.com', NULL, '$2y$10$yvIm2nwjhjWysq32vWAvG.7HOQxm1hSSQQcZnVpAmCvc7JJTWwDzC', 'R7abaipYkTtXPuaOaTygnlVLpghFo3sPQBguZ4Mci8O57s6pDJ3Ue8JVSf49', '2023-07-15 18:48:25', '2023-07-15 18:48:25', NULL);

--
-- Índices para tablas volcadas
--

--
-- Indices de la tabla `clients_wbs`
--
ALTER TABLE `clients_wbs`
  ADD PRIMARY KEY (`id`),
  ADD UNIQUE KEY `clients_wbs_username_unique` (`username`);

--
-- Indices de la tabla `locations`
--
ALTER TABLE `locations`
  ADD PRIMARY KEY (`id`);

--
-- Indices de la tabla `migrations`
--
ALTER TABLE `migrations`
  ADD PRIMARY KEY (`id`);

--
-- Indices de la tabla `password_resets`
--
ALTER TABLE `password_resets`
  ADD KEY `password_resets_email_index` (`email`(250));

--
-- Indices de la tabla `permissions`
--
ALTER TABLE `permissions`
  ADD PRIMARY KEY (`id`);

--
-- Indices de la tabla `permission_role`
--
ALTER TABLE `permission_role`
  ADD KEY `role_id_fk_8755873` (`role_id`),
  ADD KEY `permission_id_fk_8755873` (`permission_id`);

--
-- Indices de la tabla `proxies`
--
ALTER TABLE `proxies`
  ADD PRIMARY KEY (`id`);

--
-- Indices de la tabla `roles`
--
ALTER TABLE `roles`
  ADD PRIMARY KEY (`id`);

--
-- Indices de la tabla `role_user`
--
ALTER TABLE `role_user`
  ADD KEY `user_id_fk_8755882` (`user_id`),
  ADD KEY `role_id_fk_8755882` (`role_id`);

--
-- Indices de la tabla `users`
--
ALTER TABLE `users`
  ADD PRIMARY KEY (`id`),
  ADD UNIQUE KEY `users_email_unique` (`email`);

--
-- AUTO_INCREMENT de las tablas volcadas
--

--
-- AUTO_INCREMENT de la tabla `clients_wbs`
--
ALTER TABLE `clients_wbs`
  MODIFY `id` bigint(20) UNSIGNED NOT NULL AUTO_INCREMENT, AUTO_INCREMENT=97;

--
-- AUTO_INCREMENT de la tabla `locations`
--
ALTER TABLE `locations`
  MODIFY `id` bigint(20) NOT NULL AUTO_INCREMENT, AUTO_INCREMENT=680;

--
-- AUTO_INCREMENT de la tabla `migrations`
--
ALTER TABLE `migrations`
  MODIFY `id` int(10) UNSIGNED NOT NULL AUTO_INCREMENT, AUTO_INCREMENT=11;

--
-- AUTO_INCREMENT de la tabla `permissions`
--
ALTER TABLE `permissions`
  MODIFY `id` bigint(20) UNSIGNED NOT NULL AUTO_INCREMENT, AUTO_INCREMENT=34;

--
-- AUTO_INCREMENT de la tabla `proxies`
--
ALTER TABLE `proxies`
  MODIFY `id` bigint(20) UNSIGNED NOT NULL AUTO_INCREMENT, AUTO_INCREMENT=47;

--
-- AUTO_INCREMENT de la tabla `roles`
--
ALTER TABLE `roles`
  MODIFY `id` bigint(20) UNSIGNED NOT NULL AUTO_INCREMENT, AUTO_INCREMENT=4;

--
-- AUTO_INCREMENT de la tabla `users`
--
ALTER TABLE `users`
  MODIFY `id` bigint(20) UNSIGNED NOT NULL AUTO_INCREMENT, AUTO_INCREMENT=3;
COMMIT;

/*!40101 SET CHARACTER_SET_CLIENT=@OLD_CHARACTER_SET_CLIENT */;
/*!40101 SET CHARACTER_SET_RESULTS=@OLD_CHARACTER_SET_RESULTS */;
/*!40101 SET COLLATION_CONNECTION=@OLD_COLLATION_CONNECTION */;
